Column1,Column2
Claptrap,Boys Lace Sneakers
U2Shoes,Boys Lace Running Shoes
FEETWELL,Boys & Girls Lace Sneakers
FEETWELL,Boys & Girls Slip on Sneakers
ALBANIA,Boys Lace Sneakers
U2,Boys Lace Sneakers
Puma,Boys & Girls Lace Sneakers
Aura,Boys Zip Loafers
Lucy & Luke By Liberty,Boys Slip on Running Shoes
Crocs,Girls Slip on Loafers
Force 10 By Liberty,Boys Lace Formal Boots
Action,Boys & Girls Velcro Sneakers
BIG FOX,Boys Lace Sneakers
Little Soles,Boys Velcro Sneakers
OffStreet,Boys Velcro Casual Boots
walktrendy,Boys & Girls Velcro Sneakers
